<?xml version="1.0" encoding="UTF-8"?>
<document type="com.apple.InterfaceBuilder3.CocoaTouch.Storyboard.XIB" version="3.0" toolsVersion="21701" targetRuntime="iOS.CocoaTouch" propertyAccessControl="none" useAutolayout="YES" useTraitCollections="YES" useSafeAreas="YES" colorMatched="YES" initialViewController="bfK-wc-DDl">
    <device id="retina6_12" orientation="portrait" appearance="light"/>
    <dependencies>
        <plugIn identifier="com.apple.InterfaceBuilder.IBCocoaTouchPlugin" version="21679"/>
        <capability name="Safe area layout guides" minToolsVersion="9.0"/>
        <capability name="System colors in document resources" minToolsVersion="11.0"/>
        <capability name="documents saved in the Xcode 8 format" minToolsVersion="8.0"/>
    </dependencies>
    <scenes>
        <!--View Controller-->
        <scene sceneID="uDT-QI-pV8">
            <objects>
                <viewController id="fDH-df-vlZ" customClass="ViewController" customModule="Project" customModuleProvider="target" sceneMemberID="viewController">
                    <view key="view" contentMode="scaleToFill" id="72z-E7-UcZ">
                        <rect key="frame" x="0.0" y="0.0" width="393" height="852"/>
                        <autoresizingMask key="autoresizingMask" widthSizable="YES" heightSizable="YES"/>
                        <subviews>
                            <textField opaque="NO" contentMode="scaleToFill" horizontalHuggingPriority="248" fixedFrame="YES" contentHorizontalAlignment="left" contentVerticalAlignment="center" borderStyle="roundedRect" placeholder="Email" textAlignment="natural" minimumFontSize="17" translatesAutoresizingMaskIntoConstraints="NO" id="hhZ-Kd-9VN">
                                <rect key="frame" x="16" y="224" width="361" height="34"/>
                                <autoresizingMask key="autoresizingMask" flexibleMaxX="YES" flexibleMaxY="YES"/>
                                <fontDescription key="fontDescription" type="system" pointSize="14"/>
                                <textInputTraits key="textInputTraits"/>
                            </textField>
                            <textField opaque="NO" contentMode="scaleToFill" horizontalHuggingPriority="248" fixedFrame="YES" contentHorizontalAlignment="left" contentVerticalAlignment="center" borderStyle="roundedRect" placeholder="Phone" textAlignment="natural" minimumFontSize="17" translatesAutoresizingMaskIntoConstraints="NO" id="eob-fa-woO">
                                <rect key="frame" x="16" y="266" width="361" height="34"/>
                                <autoresizingMask key="autoresizingMask" flexibleMaxX="YES" flexibleMaxY="YES"/>
                                <fontDescription key="fontDescription" type="system" pointSize="14"/>
                                <textInputTraits key="textInputTraits"/>
                            </textField>
                            <datePicker contentMode="scaleToFill" fixedFrame="YES" highlighted="YES" contentHorizontalAlignment="center" contentVerticalAlignment="center" datePickerMode="date" translatesAutoresizingMaskIntoConstraints="NO" id="PdB-tX-xjA">
                                <rect key="frame" x="16" y="352" width="361" height="273"/>
                                <autoresizingMask key="autoresizingMask" widthSizable="YES" flexibleMaxY="YES"/>
                                <color key="backgroundColor" systemColor="tertiarySystemBackgroundColor"/>
                            </datePicker>
                            <segmentedControl opaque="NO" contentMode="scaleToFill" fixedFrame="YES" contentHorizontalAlignment="left" contentVerticalAlignment="top" segmentControlStyle="plain" selectedSegmentIndex="0" translatesAutoresizingMaskIntoConstraints="NO" id="0EC-ui-J7E">
                                <rect key="frame" x="128" y="677" width="238" height="32"/>
                                <autoresizingMask key="autoresizingMask" flexibleMaxX="YES" flexibleMaxY="YES"/>
                                <segments>
                                    <segment title="1"/>
                                    <segment title="2"/>
                                    <segment title="3"/>
                                    <segment title="4"/>
                                    <segment title="5"/>
                                </segments>
                            </segmentedControl>
                            <segmentedControl opaque="NO" contentMode="scaleToFill" fixedFrame="YES" contentHorizontalAlignment="left" contentVerticalAlignment="top" segmentControlStyle="plain" selectedSegmentIndex="0" translatesAutoresizingMaskIntoConstraints="NO" id="Edh-8G-mJ2">
                                <rect key="frame" x="128" y="718" width="238" height="32"/>
                                <autoresizingMask key="autoresizingMask" flexibleMaxX="YES" flexibleMaxY="YES"/>
                                <segments>
                                    <segment title="1"/>
                                    <segment title="2"/>
                                    <segment title="3"/>
                                    <segment title="4"/>
                                    <segment title="5"/>
                                </segments>
                            </segmentedControl>
                            <label opaque="NO" userInteractionEnabled="NO" contentMode="left" horizontalHuggingPriority="251" verticalHuggingPriority="251" fixedFrame="YES" text="Comfort" textAlignment="natural" lineBreakMode="tailTruncation" baselineAdjustment="alignBaselines" adjustsFontSizeToFit="NO" translatesAutoresizingMaskIntoConstraints="NO" id="clo-ss-YfK">
                                <rect key="frame" x="16" y="643" width="63" height="21"/>
                                <autoresizingMask key="autoresizingMask" flexibleMaxX="YES" flexibleMaxY="YES"/>
                                <fontDescription key="fontDescription" type="system" pointSize="17"/>
                                <nil key="textColor"/>
                                <nil key="highlightedColor"/>
                            </label>
                            <label opaque="NO" userInteractionEnabled="NO" contentMode="left" horizontalHuggingPriority="251" verticalHuggingPriority="251" fixedFrame="YES" text="Safety" textAlignment="natural" lineBreakMode="tailTruncation" baselineAdjustment="alignBaselines" adjustsFontSizeToFit="NO" translatesAutoresizingMaskIntoConstraints="NO" id="v4D-uW-Y2Q">
                                <rect key="frame" x="16" y="682" width="49" height="21"/>
                                <autoresizingMask key="autoresizingMask" flexibleMaxX="YES" flexibleMaxY="YES"/>
                                <fontDescription key="fontDescription" type="system" pointSize="17"/>
                                <nil key="textColor"/>
                                <nil key="highlightedColor"/>
                            </label>
                            <label opaque="NO" userInteractionEnabled="NO" contentMode="left" horizontalHuggingPriority="251" verticalHuggingPriority="251" fixedFrame="YES" text="Security" textAlignment="natural" lineBreakMode="tailTruncation" baselineAdjustment="alignBaselines" adjustsFontSizeToFit="NO" translatesAutoresizingMaskIntoConstraints="NO" id="ZGW-Gj-YGZ">
                                <rect key="frame" x="16" y="721" width="63" height="21"/>
                                <autoresizingMask key="autoresizingMask" flexibleMaxX="YES" flexibleMaxY="YES"/>
                                <fontDescription key="fontDescription" type="system" pointSize="17"/>
                                <nil key="textColor"/>
                                <nil key="highlightedColor"/>
                            </label>
                            <stackView opaque="NO" contentMode="scaleToFill" fixedFrame="YES" spacing="11" translatesAutoresizingMaskIntoConstraints="NO" id="aSl-Mu-IlF">
                                <rect key="frame" x="-8" y="776" width="61" height="34.333333333333371"/>
                                <autoresizingMask key="autoresizingMask" flexibleMaxX="YES" flexibleMaxY="YES"/>
                            </stackView>
                            <button opaque="NO" contentMode="scaleToFill" fixedFrame="YES" contentHorizontalAlignment="center" contentVerticalAlignment="center" buttonType="system" lineBreakMode="middleTruncation" translatesAutoresizingMaskIntoConstraints="NO" id="d5r-5W-UfU">
                                <rect key="frame" x="202" y="784" width="76.666666666666686" height="34.333333333333336"/>
                                <autoresizingMask key="autoresizingMask" flexibleMaxX="YES" flexibleMaxY="YES"/>
                                <state key="normal" title="Button"/>
                                <buttonConfiguration key="configuration" style="gray" title="Cancel"/>
                                <connections>
                                    <action selector="cancel:" destination="fDH-df-vlZ" eventType="touchUpInside" id="PRc-GG-6X2"/>
                                </connections>
                            </button>
                            <button opaque="NO" contentMode="scaleToFill" fixedFrame="YES" contentHorizontalAlignment="center" contentVerticalAlignment="center" buttonType="system" lineBreakMode="middleTruncation" translatesAutoresizingMaskIntoConstraints="NO" id="bYB-7J-fhh">
                                <rect key="frame" x="277" y="784" width="72" height="34"/>
                                <autoresizingMask key="autoresizingMask" flexibleMaxX="YES" flexibleMaxY="YES"/>
                                <state key="normal" title="Button"/>
                                <buttonConfiguration key="configuration" style="gray" image="book" catalog="system" title=""/>
                                <connections>
                                    <action selector="bookmark:" destination="fDH-df-vlZ" eventType="touchUpInside" id="6jD-Oj-grg"/>
                                    <segue destination="MDg-Y5-5eV" kind="show" id="loX-4I-ham"/>
                                </connections>
                            </button>
                            <button opaque="NO" contentMode="scaleToFill" fixedFrame="YES" contentHorizontalAlignment="center" contentVerticalAlignment="center" buttonType="system" lineBreakMode="middleTruncation" translatesAutoresizingMaskIntoConstraints="NO" id="0ZQ-KX-42g">
                                <rect key="frame" x="41" y="784" width="79" height="34"/>
                                <autoresizingMask key="autoresizingMask" flexibleMaxX="YES" flexibleMaxY="YES"/>
                                <state key="normal" title="Button"/>
                                <buttonConfiguration key="configuration" style="gray" title="Save"/>
                                <connections>
                                    <action selector="Save:" destination="fDH-df-vlZ" eventType="touchUpInside" id="AfQ-wD-9iB"/>
                                </connections>
                            </button>
                            <button opaque="NO" contentMode="scaleToFill" fixedFrame="YES" contentHorizontalAlignment="center" contentVerticalAlignment="center" buttonType="system" lineBreakMode="middleTruncation" translatesAutoresizingMaskIntoConstraints="NO" id="9TW-IW-xm3">
                                <rect key="frame" x="119" y="784" width="83" height="34"/>
                                <autoresizingMask key="autoresizingMask" flexibleMaxX="YES" flexibleMaxY="YES"/>
                                <state key="normal" title="Button"/>
                                <buttonConfiguration key="configuration" style="gray" image="plus" catalog="system"/>
                            </button>
                            <textField opaque="NO" contentMode="scaleToFill" horizontalHuggingPriority="248" fixedFrame="YES" contentHorizontalAlignment="left" contentVerticalAlignment="center" borderStyle="roundedRect" placeholder="Name" minimumFontSize="17" translatesAutoresizingMaskIntoConstraints="NO" id="OG0-M0-VgG">
                                <rect key="frame" x="16" y="182" width="361" height="34"/>
                                <autoresizingMask key="autoresizingMask" flexibleMaxX="YES" flexibleMaxY="YES"/>
                                <fontDescription key="fontDescription" type="system" pointSize="14"/>
                                <textInputTraits key="textInputTraits"/>
                            </textField>
                            <segmentedControl opaque="NO" contentMode="scaleToFill" fixedFrame="YES" contentHorizontalAlignment="left" contentVerticalAlignment="top" segmentControlStyle="plain" selectedSegmentIndex="0" translatesAutoresizingMaskIntoConstraints="NO" id="Tlv-Ff-44I">
                                <rect key="frame" x="128" y="638" width="238" height="32"/>
                                <autoresizingMask key="autoresizingMask" flexibleMaxX="YES" flexibleMaxY="YES"/>
                                <segments>
                                    <segment title="1"/>
                                    <segment title="2"/>
                                    <segment title="3"/>
                                    <segment title="4"/>
                                    <segment title="5"/>
                                </segments>
                            </segmentedControl>
                        </subviews>
                        <viewLayoutGuide key="safeArea" id="mOk-4Z-60h"/>
                        <color key="backgroundColor" systemColor="systemMintColor"/>
                    </view>
                    <navigationItem key="navigationItem" id="Oe1-SW-QxM"/>
                    <connections>
                        <outlet property="Email" destination="hhZ-Kd-9VN" id="chD-gJ-Jid"/>
                        <outlet property="comfort" destination="Tlv-Ff-44I" id="lbY-pa-aRz"/>
                        <outlet property="datepicker" destination="PdB-tX-xjA" id="qwk-tW-Mg8"/>
                        <outlet property="name" destination="OG0-M0-VgG" id="c6J-ts-b82"/>
                        <outlet property="phone" destination="eob-fa-woO" id="8pi-GH-X8t"/>
                        <outlet property="safety" destination="0EC-ui-J7E" id="dUw-da-9ve"/>
                        <outlet property="security" destination="Edh-8G-mJ2" id="1GM-bR-weB"/>
                    </connections>
                </viewController>
                <placeholder placeholderIdentifier="IBFirstResponder" id="pXQ-z0-3gj" userLabel="First Responder" customClass="UIResponder" sceneMemberID="firstResponder"/>
            </objects>
            <point key="canvasLocation" x="-66.412213740458014" y="-184.50704225352115"/>
        </scene>
        <!--View Controller-->
        <scene sceneID="Frz-sb-w9R">
            <objects>
                <viewController id="MDg-Y5-5eV" sceneMemberID="viewController">
                    <view key="view" contentMode="scaleToFill" id="EuR-1T-kAZ">
                        <rect key="frame" x="0.0" y="0.0" width="393" height="852"/>
                        <autoresizingMask key="autoresizingMask" widthSizable="YES" heightSizable="YES"/>
                        <subviews>
                            <tableView clipsSubviews="YES" contentMode="scaleToFill" fixedFrame="YES" alwaysBounceVertical="YES" dataMode="prototypes" style="plain" separatorStyle="default" rowHeight="-1" estimatedRowHeight="-1" sectionHeaderHeight="-1" estimatedSectionHeaderHeight="-1" sectionFooterHeight="-1" estimatedSectionFooterHeight="-1" translatesAutoresizingMaskIntoConstraints="NO" id="TX8-rF-Lak">
                                <rect key="frame" x="0.0" y="117" width="393" height="662"/>
                                <autoresizingMask key="autoresizingMask" flexibleMaxX="YES" flexibleMaxY="YES"/>
                                <color key="backgroundColor" red="0.41054757419999999" green="0.91976243260000001" blue="0.84676712909999996" alpha="1" colorSpace="custom" customColorSpace="displayP3"/>
                                <prototypes>
                                    <tableViewCell clipsSubviews="YES" contentMode="scaleToFill" insetsLayoutMarginsFromSafeArea="NO" selectionStyle="blue" hidesAccessoryWhenEditing="NO" indentationLevel="1" indentationWidth="0.0" textLabel="aSf-Wj-ktp" detailTextLabel="9jL-jJ-QWc" rowHeight="55" style="IBUITableViewCellStyleSubtitle" id="TdO-gz-hFW">
                                        <rect key="frame" x="0.0" y="50" width="393" height="55"/>
                                        <autoresizingMask key="autoresizingMask"/>
                                        <tableViewCellContentView key="contentView" opaque="NO" clipsSubviews="YES" multipleTouchEnabled="YES" contentMode="center" insetsLayoutMarginsFromSafeArea="NO" tableViewCell="TdO-gz-hFW" id="z36-9r-qE6">
                                            <rect key="frame" x="0.0" y="0.0" width="393" height="55"/>
                                            <autoresizingMask key="autoresizingMask"/>
                                            <subviews>
                                                <label opaque="NO" multipleTouchEnabled="YES" contentMode="left" insetsLayoutMarginsFromSafeArea="NO" text="Name" textAlignment="natural" lineBreakMode="tailTruncation" baselineAdjustment="alignBaselines" adjustsFontSizeToFit="NO" id="aSf-Wj-ktp">
                                                    <rect key="frame" x="20" y="12" width="33" height="14.333333333333334"/>
                                                    <autoresizingMask key="autoresizingMask"/>
                                                    <fontDescription key="fontDescription" type="system" pointSize="0.0"/>
                                                    <nil key="textColor"/>
                                                    <nil key="highlightedColor"/>
                                                </label>
                                                <label opaque="NO" multipleTouchEnabled="YES" contentMode="left" insetsLayoutMarginsFromSafeArea="NO" text="Date of Survey" textAlignment="natural" lineBreakMode="tailTruncation" baselineAdjustment="alignBaselines" adjustsFontSizeToFit="NO" id="9jL-jJ-QWc">
                                                    <rect key="frame" x="20" y="28.333333333333332" width="83.666666666666671" height="14.333333333333334"/>
                                                    <autoresizingMask key="autoresizingMask"/>
                                                    <fontDescription key="fontDescription" type="system" pointSize="0.0"/>
                                                    <nil key="textColor"/>
                                                    <nil key="highlightedColor"/>
                                                </label>
                                            </subviews>
                                        </tableViewCellContentView>
                                    </tableViewCell>
                                </prototypes>
                            </tableView>
                        </subviews>
                        <viewLayoutGuide key="safeArea" id="bpw-X2-cux"/>
                        <color key="backgroundColor" systemColor="systemMintColor"/>
                    </view>
                    <navigationItem key="navigationItem" id="wi3-aM-BTV"/>
                    <connections>
                        <segue destination="tdy-Pg-gmT" kind="show" id="dZZ-eh-3OB"/>
                    </connections>
                </viewController>
                <placeholder placeholderIdentifier="IBFirstResponder" id="eOw-cs-LEG" userLabel="First Responder" customClass="UIResponder" sceneMemberID="firstResponder"/>
            </objects>
            <point key="canvasLocation" x="747.32824427480909" y="-185.21126760563382"/>
        </scene>
        <!--Details View Controller-->
        <scene sceneID="C22-m3-r3F">
            <objects>
                <viewController id="tdy-Pg-gmT" customClass="DetailsViewController" customModule="Project" customModuleProvider="target" sceneMemberID="viewController">
                    <view key="view" contentMode="scaleToFill" id="GUU-iP-09w">
                        <rect key="frame" x="0.0" y="0.0" width="393" height="852"/>
                        <autoresizingMask key="autoresizingMask" widthSizable="YES" heightSizable="YES"/>
                        <subviews>
                            <label opaque="NO" userInteractionEnabled="NO" contentMode="left" horizontalHuggingPriority="251" verticalHuggingPriority="251" fixedFrame="YES" text="          nameinfo" textAlignment="natural" lineBreakMode="tailTruncation" baselineAdjustment="alignBaselines" adjustsFontSizeToFit="NO" translatesAutoresizingMaskIntoConstraints="NO" id="qjs-aP-Wj0">
                                <rect key="frame" x="169" y="236" width="208" height="67"/>
                                <autoresizingMask key="autoresizingMask" flexibleMaxX="YES" flexibleMaxY="YES"/>
                                <color key="backgroundColor" systemColor="systemIndigoColor"/>
                                <fontDescription key="fontDescription" type="system" pointSize="17"/>
                                <nil key="textColor"/>
                                <nil key="highlightedColor"/>
                            </label>
                            <label opaque="NO" userInteractionEnabled="NO" contentMode="left" horizontalHuggingPriority="251" verticalHuggingPriority="251" fixedFrame="YES" text="          emailinfo" textAlignment="natural" lineBreakMode="tailTruncation" baselineAdjustment="alignBaselines" adjustsFontSizeToFit="NO" translatesAutoresizingMaskIntoConstraints="NO" id="dUA-Cy-GNL">
                                <rect key="frame" x="169" y="311" width="208" height="67"/>
                                <autoresizingMask key="autoresizingMask" flexibleMaxX="YES" flexibleMaxY="YES"/>
                                <color key="backgroundColor" systemColor="systemIndigoColor"/>
                                <fontDescription key="fontDescription" type="system" pointSize="17"/>
                                <nil key="textColor"/>
                                <nil key="highlightedColor"/>
                            </label>
                            <label opaque="NO" userInteractionEnabled="NO" contentMode="left" horizontalHuggingPriority="251" verticalHuggingPriority="251" fixedFrame="YES" text="          phoneinfo" textAlignment="natural" lineBreakMode="tailTruncation" baselineAdjustment="alignBaselines" adjustsFontSizeToFit="NO" translatesAutoresizingMaskIntoConstraints="NO" id="z9G-b7-UmP">
                                <rect key="frame" x="169" y="386" width="208" height="67"/>
                                <autoresizingMask key="autoresizingMask" flexibleMaxX="YES" flexibleMaxY="YES"/>
                                <color key="backgroundColor" systemColor="systemIndigoColor"/>
                                <fontDescription key="fontDescription" type="system" pointSize="17"/>
                                <nil key="textColor"/>
                                <nil key="highlightedColor"/>
                            </label>
                            <label opaque="NO" userInteractionEnabled="NO" contentMode="left" horizontalHuggingPriority="251" verticalHuggingPriority="251" fixedFrame="YES" text="          comfortinfo" textAlignment="natural" lineBreakMode="tailTruncation" baselineAdjustment="alignBaselines" adjustsFontSizeToFit="NO" translatesAutoresizingMaskIntoConstraints="NO" id="whz-gp-e7Q">
                                <rect key="frame" x="169" y="461" width="208" height="67"/>
                                <autoresizingMask key="autoresizingMask" flexibleMaxX="YES" flexibleMaxY="YES"/>
                                <color key="backgroundColor" systemColor="systemIndigoColor"/>
                                <fontDescription key="fontDescription" type="system" pointSize="17"/>
                                <nil key="textColor"/>
                                <nil key="highlightedColor"/>
                            </label>
                            <label opaque="NO" userInteractionEnabled="NO" contentMode="left" horizontalHuggingPriority="251" verticalHuggingPriority="251" fixedFrame="YES" text="          safetyinfo" textAlignment="natural" lineBreakMode="tailTruncation" baselineAdjustment="alignBaselines" adjustsFontSizeToFit="NO" translatesAutoresizingMaskIntoConstraints="NO" id="x1B-aV-EVw">
                                <rect key="frame" x="169" y="536" width="208" height="67"/>
                                <autoresizingMask key="autoresizingMask" flexibleMaxX="YES" flexibleMaxY="YES"/>
                                <color key="backgroundColor" systemColor="systemIndigoColor"/>
                                <fontDescription key="fontDescription" type="system" pointSize="17"/>
                                <nil key="textColor"/>
                                <nil key="highlightedColor"/>
                            </label>
                            <label opaque="NO" userInteractionEnabled="NO" contentMode="left" horizontalHuggingPriority="251" verticalHuggingPriority="251" fixedFrame="YES" text="           Email" textAlignment="natural" lineBreakMode="tailTruncation" baselineAdjustment="alignBaselines" adjustsFontSizeToFit="NO" translatesAutoresizingMaskIntoConstraints="NO" id="w3r-q4-2yZ">
                                <rect key="frame" x="16" y="311" width="145" height="67"/>
                                <autoresizingMask key="autoresizingMask" flexibleMaxX="YES" flexibleMaxY="YES"/>
                                <color key="backgroundColor" systemColor="systemIndigoColor"/>
                                <fontDescription key="fontDescription" type="system" pointSize="17"/>
                                <nil key="textColor"/>
                                <nil key="highlightedColor"/>
                            </label>
                            <label opaque="NO" userInteractionEnabled="NO" contentMode="left" horizontalHuggingPriority="251" verticalHuggingPriority="251" fixedFrame="YES" text="          Comfort" textAlignment="natural" lineBreakMode="tailTruncation" baselineAdjustment="alignBaselines" adjustsFontSizeToFit="NO" translatesAutoresizingMaskIntoConstraints="NO" id="g5u-Ia-OVE">
                                <rect key="frame" x="16" y="461" width="145" height="67"/>
                                <autoresizingMask key="autoresizingMask" flexibleMaxX="YES" flexibleMaxY="YES"/>
                                <color key="backgroundColor" systemColor="systemIndigoColor"/>
                                <fontDescription key="fontDescription" type="system" pointSize="17"/>
                                <nil key="textColor"/>
                                <nil key="highlightedColor"/>
                            </label>
                            <label opaque="NO" userInteractionEnabled="NO" contentMode="left" horizontalHuggingPriority="251" verticalHuggingPriority="251" fixedFrame="YES" text="           Event" textAlignment="natural" lineBreakMode="tailTruncation" baselineAdjustment="alignBaselines" adjustsFontSizeToFit="NO" translatesAutoresizingMaskIntoConstraints="NO" id="020-v0-K6Q">
                                <rect key="frame" x="16" y="386" width="145" height="67"/>
                                <autoresizingMask key="autoresizingMask" flexibleMaxX="YES" flexibleMaxY="YES"/>
                                <color key="backgroundColor" systemColor="systemIndigoColor"/>
                                <fontDescription key="fontDescription" type="system" pointSize="17"/>
                                <nil key="textColor"/>
                                <nil key="highlightedColor"/>
                            </label>
                            <label opaque="NO" userInteractionEnabled="NO" contentMode="left" horizontalHuggingPriority="251" verticalHuggingPriority="251" fixedFrame="YES" text="           Safety" textAlignment="natural" lineBreakMode="tailTruncation" baselineAdjustment="alignBaselines" adjustsFontSizeToFit="NO" translatesAutoresizingMaskIntoConstraints="NO" id="Xog-5A-cK4">
                                <rect key="frame" x="16" y="536" width="145" height="67"/>
                                <autoresizingMask key="autoresizingMask" flexibleMaxX="YES" flexibleMaxY="YES"/>
                                <color key="backgroundColor" systemColor="systemIndigoColor"/>
                                <fontDescription key="fontDescription" type="system" pointSize="17"/>
                                <nil key="textColor"/>
                                <nil key="highlightedColor"/>
                            </label>
                            <label opaque="NO" userInteractionEnabled="NO" contentMode="left" horizontalHuggingPriority="251" verticalHuggingPriority="251" fixedFrame="YES" text="           Date" textAlignment="natural" lineBreakMode="tailTruncation" baselineAdjustment="alignBaselines" adjustsFontSizeToFit="NO" translatesAutoresizingMaskIntoConstraints="NO" id="5ym-16-Tln">
                                <rect key="frame" x="16" y="686" width="145" height="67"/>
                                <autoresizingMask key="autoresizingMask" flexibleMaxX="YES" flexibleMaxY="YES"/>
                                <color key="backgroundColor" systemColor="systemIndigoColor"/>
                                <fontDescription key="fontDescription" type="system" pointSize="17"/>
                                <nil key="textColor"/>
                                <nil key="highlightedColor"/>
                            </label>
                            <label opaque="NO" userInteractionEnabled="NO" contentMode="left" horizontalHuggingPriority="251" verticalHuggingPriority="251" fixedFrame="YES" text="           Security" textAlignment="natural" lineBreakMode="tailTruncation" baselineAdjustment="alignBaselines" adjustsFontSizeToFit="NO" translatesAutoresizingMaskIntoConstraints="NO" id="52z-9w-5gY">
                                <rect key="frame" x="16" y="611" width="145" height="67"/>
                                <autoresizingMask key="autoresizingMask" flexibleMaxX="YES" flexibleMaxY="YES"/>
                                <color key="backgroundColor" systemColor="systemIndigoColor"/>
                                <fontDescription key="fontDescription" type="system" pointSize="17"/>
                                <nil key="textColor"/>
                                <nil key="highlightedColor"/>
                            </label>
                            <label opaque="NO" userInteractionEnabled="NO" contentMode="left" horizontalHuggingPriority="251" verticalHuggingPriority="251" fixedFrame="YES" text="          securityinfo" textAlignment="natural" lineBreakMode="tailTruncation" baselineAdjustment="alignBaselines" adjustsFontSizeToFit="NO" translatesAutoresizingMaskIntoConstraints="NO" id="zhW-jk-NnX">
                                <rect key="frame" x="169" y="611" width="208" height="67"/>
                                <autoresizingMask key="autoresizingMask" flexibleMaxX="YES" flexibleMaxY="YES"/>
                                <color key="backgroundColor" systemColor="systemIndigoColor"/>
                                <fontDescription key="fontDescription" type="system" pointSize="17"/>
                                <nil key="textColor"/>
                                <nil key="highlightedColor"/>
                            </label>
                            <label opaque="NO" userInteractionEnabled="NO" contentMode="left" horizontalHuggingPriority="251" verticalHuggingPriority="251" fixedFrame="YES" text="           dateinfo" textAlignment="natural" lineBreakMode="tailTruncation" baselineAdjustment="alignBaselines" adjustsFontSizeToFit="NO" translatesAutoresizingMaskIntoConstraints="NO" id="NXT-3w-YVy">
                                <rect key="frame" x="169" y="686" width="208" height="67"/>
                                <autoresizingMask key="autoresizingMask" flexibleMaxX="YES" flexibleMaxY="YES"/>
                                <color key="backgroundColor" systemColor="systemIndigoColor"/>
                                <fontDescription key="fontDescription" type="system" pointSize="17"/>
                                <nil key="textColor"/>
                                <nil key="highlightedColor"/>
                            </label>
                            <label opaque="NO" userInteractionEnabled="NO" contentMode="left" horizontalHuggingPriority="251" verticalHuggingPriority="251" fixedFrame="YES" text="          Name" textAlignment="natural" lineBreakMode="tailTruncation" baselineAdjustment="alignBaselines" adjustsFontSizeToFit="NO" translatesAutoresizingMaskIntoConstraints="NO" id="koP-K6-tTq">
                                <rect key="frame" x="16" y="236" width="145" height="67"/>
                                <autoresizingMask key="autoresizingMask" flexibleMaxX="YES" flexibleMaxY="YES"/>
                                <color key="backgroundColor" systemColor="systemIndigoColor"/>
                                <fontDescription key="fontDescription" type="system" pointSize="17"/>
                                <nil key="textColor"/>
                                <nil key="highlightedColor"/>
                            </label>
                        </subviews>
                        <viewLayoutGuide key="safeArea" id="dd3-n1-Amb"/>
                        <color key="backgroundColor" systemColor="systemMintColor"/>
                    </view>
                    <navigationItem key="navigationItem" id="QaB-bE-L4l"/>
                    <connections>
                        <outlet property="comfortinfo" destination="whz-gp-e7Q" id="2Hj-a1-rMC"/>
                        <outlet property="dateinfo" destination="NXT-3w-YVy" id="3Pe-z7-pZe"/>
                        <outlet property="emailinfo" destination="dUA-Cy-GNL" id="Vmj-g2-Sym"/>
                        <outlet property="eventinfo" destination="z9G-b7-UmP" id="PQw-Cz-cr0"/>
                        <outlet property="nameinfo" destination="qjs-aP-Wj0" id="Eib-m4-WzZ"/>
                        <outlet property="safetyinfo" destination="x1B-aV-EVw" id="ASk-p9-A4f"/>
                        <outlet property="securityinfo" destination="zhW-jk-NnX" id="20F-CS-3N4"/>
                    </connections>
                </viewController>
                <placeholder placeholderIdentifier="IBFirstResponder" id="Ir1-1K-4iq" userLabel="First Responder" customClass="UIResponder" sceneMemberID="firstResponder"/>
            </objects>
            <point key="canvasLocation" x="1542.7480916030534" y="-184.50704225352115"/>
        </scene>
        <!--Navigation Controller-->
        <scene sceneID="BVT-9H-Ivr">
            <objects>
                <navigationController automaticallyAdjustsScrollViewInsets="NO" id="bfK-wc-DDl" sceneMemberID="viewController">
                    <toolbarItems/>
                    <navigationBar key="navigationBar" contentMode="scaleToFill" id="5S0-ia-Ghs">
                        <rect key="frame" x="0.0" y="59" width="393" height="44"/>
                        <autoresizingMask key="autoresizingMask"/>
                    </navigationBar>
                    <nil name="viewControllers"/>
                    <connections>
                        <segue destination="fDH-df-vlZ" kind="relationship" relationship="rootViewController" id="urc-gz-BuX"/>
                    </connections>
                </navigationController>
                <placeholder placeholderIdentifier="IBFirstResponder" id="DSP-8u-UeQ" userLabel="First Responder" customClass="UIResponder" sceneMemberID="firstResponder"/>
            </objects>
            <point key="canvasLocation" x="-993.12977099236639" y="-184.50704225352115"/>
        </scene>
    </scenes>
    <resources>
        <image name="book" catalog="system" width="128" height="99"/>
        <image name="plus" catalog="system" width="128" height="113"/>
        <systemColor name="systemIndigoColor">
            <color red="0.34509803921568627" green="0.33725490196078434" blue="0.83921568627450982" alpha="1" colorSpace="custom" customColorSpace="sRGB"/>
        </systemColor>
        <systemColor name="systemMintColor">
            <color red="0.0" green="0.7803921568627451" blue="0.74509803921568629" alpha="1" colorSpace="custom" customColorSpace="sRGB"/>
        </systemColor>
        <systemColor name="tertiarySystemBackgroundColor">
            <color white="1" alpha="1" colorSpace="custom" customColorSpace="genericGamma22GrayColorSpace"/>
        </systemColor>
    </resources>
</document>
